"Row Number",Type,Field,"Error Message","Row Data"
202,row_type,row_type,"Unknown row type: 'QUESTION'. Valid: USER, SURVEY, REVIEW, COMPLAINT, SUGGESTION","202, QUESTION, , , "
203,row_type,row_type,"Unknown row type: 'QUESTION'. Valid: USER, SURVEY, REVIEW, COMPLAINT, SUGGESTION","203, QUESTION, , , "
204,row_type,row_type,"Unknown row type: 'QUESTION'. Valid: USER, SURVEY, REVIEW, COMPLAINT, SUGGESTION","204, QUESTION, , , "
205,row_type,row_type,"Unknown row type: 'QUESTION'. Valid: USER, SURVEY, REVIEW, COMPLAINT, SUGGESTION","205, QUESTION, , , "
206,row_type,row_type,"Unknown row type: 'QUESTION'. Valid: USER, SURVEY, REVIEW, COMPLAINT, SUGGESTION","206, QUESTION, , , "
207,row_type,row_type,"Unknown row type: 'QUESTION'. Valid: USER, SURVEY, REVIEW, COMPLAINT, SUGGESTION","207, QUESTION, , , "
208,row_type,row_type,"Unknown row type: 'QUESTION'. Valid: USER, SURVEY, REVIEW, COMPLAINT, SUGGESTION","208, QUESTION, , , "
209,row_type,row_type,"Unknown row type: 'QUESTION'. Valid: USER, SURVEY, REVIEW, COMPLAINT, SUGGESTION","209, QUESTION, , , "
210,row_type,row_type,"Unknown row type: 'QUESTION'. Valid: USER, SURVEY, REVIEW, COMPLAINT, SUGGESTION","210, QUESTION, , , "
211,row_type,row_type,"Unknown row type: 'QUESTION'. Valid: USER, SURVEY, REVIEW, COMPLAINT, SUGGESTION","211, QUESTION, , , "
212,row_type,row_type,"Unknown row type: 'QUESTION'. Valid: USER, SURVEY, REVIEW, COMPLAINT, SUGGESTION","212, QUESTION, , , "
213,row_type,row_type,"Unknown row type: 'QUESTION'. Valid: USER, SURVEY, REVIEW, COMPLAINT, SUGGESTION","213, QUESTION, , , "
214,row_type,row_type,"Unknown row type: 'QUESTION'. Valid: USER, SURVEY, REVIEW, COMPLAINT, SUGGESTION","214, QUESTION, , , "
215,row_type,row_type,"Unknown row type: 'QUESTION'. Valid: USER, SURVEY, REVIEW, COMPLAINT, SUGGESTION","215, QUESTION, , , "
216,row_type,row_type,"Unknown row type: 'QUESTION'. Valid: USER, SURVEY, REVIEW, COMPLAINT, SUGGESTION","216, QUESTION, , , "
217,row_type,row_type,"Unknown row type: 'QUESTION'. Valid: USER, SURVEY, REVIEW, COMPLAINT, SUGGESTION","217, QUESTION, , , "
218,row_type,row_type,"Unknown row type: 'QUESTION'. Valid: USER, SURVEY, REVIEW, COMPLAINT, SUGGESTION","218, QUESTION, , , "
219,row_type,row_type,"Unknown row type: 'QUESTION'. Valid: USER, SURVEY, REVIEW, COMPLAINT, SUGGESTION","219, QUESTION, , , "
220,row_type,row_type,"Unknown row type: 'QUESTION'. Valid: USER, SURVEY, REVIEW, COMPLAINT, SUGGESTION","220, QUESTION, , , "
221,row_type,row_type,"Unknown row type: 'QUESTION'. Valid: USER, SURVEY, REVIEW, COMPLAINT, SUGGESTION","221, QUESTION, , , "
222,survey,email,"User with email '' not found.","Question: 3, Rating: 4"
223,survey,email,"User with email '' not found.","Question: 3, Rating: 5"
224,survey,email,"User with email '' not found.","Question: 16, Rating: 5"
225,survey,email,"User with email '' not found.","Question: 8, Rating: 3"
226,survey,email,"User with email '' not found.","Question: 15, Rating: 3"
227,survey,email,"User with email '' not found.","Question: 3, Rating: 4"
228,survey,email,"User with email '' not found.","Question: 8, Rating: 5"
229,survey,email,"User with email '' not found.","Question: 15, Rating: 4"
230,survey,email,"User with email '' not found.","Question: 4, Rating: 5"
231,survey,email,"User with email '' not found.","Question: 11, Rating: 2"
232,survey,email,"User with email '' not found.","Question: 19, Rating: 4"
233,survey,email,"User with email '' not found.","Question: 2, Rating: 5"
234,survey,email,"User with email '' not found.","Question: 20, Rating: 4"
235,survey,email,"User with email '' not found.","Question: 4, Rating: 3"
236,survey,email,"User with email '' not found.","Question: 1, Rating: 3"
237,survey,email,"User with email '' not found.","Question: 9, Rating: 3"
238,survey,email,"User with email '' not found.","Question: 14, Rating: 2"
239,survey,email,"User with email '' not found.","Question: 10, Rating: 4"
240,survey,email,"User with email '' not found.","Question: 6, Rating: 1"
241,survey,email,"User with email '' not found.","Question: 7, Rating: 5"
242,survey,email,"User with email '' not found.","Question: 15, Rating: 4"
243,survey,email,"User with email '' not found.","Question: 3, Rating: 2"
244,survey,email,"User with email '' not found.","Question: 20, Rating: 4"
245,survey,email,"User with email '' not found.","Question: 17, Rating: 4"
246,survey,email,"User with email '' not found.","Question: 14, Rating: 4"
247,survey,email,"User with email '' not found.","Question: 6, Rating: 5"
248,survey,email,"User with email '' not found.","Question: 8, Rating: 4"
249,survey,email,"User with email '' not found.","Question: 11, Rating: 5"
250,survey,email,"User with email '' not found.","Question: 19, Rating: 1"
251,survey,email,"User with email '' not found.","Question: 19, Rating: 5"
252,survey,email,"User with email '' not found.","Question: 18, Rating: 2"
253,survey,email,"User with email '' not found.","Question: 17, Rating: 2"
254,survey,email,"User with email '' not found.","Question: 11, Rating: 3"
255,survey,email,"User with email '' not found.","Question: 8, Rating: 4"
256,survey,email,"User with email '' not found.","Question: 9, Rating: 2"
257,survey,email,"User with email '' not found.","Question: 15, Rating: 2"
258,survey,email,"User with email '' not found.","Question: 18, Rating: 4"
259,survey,email,"User with email '' not found.","Question: 7, Rating: 3"
260,survey,email,"User with email '' not found.","Question: 13, Rating: 2"
261,survey,email,"User with email '' not found.","Question: 4, Rating: 5"
262,survey,email,"User with email '' not found.","Question: 10, Rating: 5"
263,survey,email,"User with email '' not found.","Question: 14, Rating: 3"
264,survey,email,"User with email '' not found.","Question: 11, Rating: 5"
265,survey,email,"User with email '' not found.","Question: 18, Rating: 5"
266,survey,email,"User with email '' not found.","Question: 6, Rating: 4"
267,survey,email,"User with email '' not found.","Question: 14, Rating: 4"
268,survey,email,"User with email '' not found.","Question: 11, Rating: 3"
269,survey,email,"User with email '' not found.","Question: 15, Rating: 4"
270,survey,email,"User with email '' not found.","Question: 5, Rating: 3"
271,survey,email,"User with email '' not found.","Question: 5, Rating: 5"
272,survey,email,"User with email '' not found.","Question: 6, Rating: 3"
273,survey,email,"User with email '' not found.","Question: 7, Rating: 3"
274,survey,email,"User with email '' not found.","Question: 9, Rating: 5"
275,survey,email,"User with email '' not found.","Question: 4, Rating: 2"
276,survey,email,"User with email '' not found.","Question: 18, Rating: 1"
277,survey,email,"User with email '' not found.","Question: 13, Rating: 5"
278,survey,email,"User with email '' not found.","Question: 16, Rating: 5"
279,survey,email,"User with email '' not found.","Question: 1, Rating: 3"
280,survey,email,"User with email '' not found.","Question: 5, Rating: 3"
281,survey,email,"User with email '' not found.","Question: 7, Rating: 2"
282,survey,email,"User with email '' not found.","Question: 20, Rating: 5"
283,survey,email,"User with email '' not found.","Question: 20, Rating: 2"
284,survey,email,"User with email '' not found.","Question: 19, Rating: 5"
285,survey,email,"User with email '' not found.","Question: 15, Rating: 3"
286,survey,email,"User with email '' not found.","Question: 4, Rating: 3"
287,survey,email,"User with email '' not found.","Question: 3, Rating: 5"
288,survey,email,"User with email '' not found.","Question: 7, Rating: 3"
289,survey,email,"User with email '' not found.","Question: 12, Rating: 4"
290,survey,email,"User with email '' not found.","Question: 20, Rating: 5"
291,survey,email,"User with email '' not found.","Question: 14, Rating: 5"
292,survey,email,"User with email '' not found.","Question: 15, Rating: 5"
293,survey,email,"User with email '' not found.","Question: 10, Rating: 4"
294,survey,email,"User with email '' not found.","Question: 6, Rating: 5"
295,survey,email,"User with email '' not found.","Question: 5, Rating: 5"
296,survey,email,"User with email '' not found.","Question: 9, Rating: 4"
297,survey,email,"User with email '' not found.","Question: 12, Rating: 4"
298,survey,email,"User with email '' not found.","Question: 3, Rating: 5"
299,survey,email,"User with email '' not found.","Question: 17, Rating: 4"
300,survey,email,"User with email '' not found.","Question: 15, Rating: 4"
301,survey,email,"User with email '' not found.","Question: 13, Rating: 5"
302,survey,email,"User with email '' not found.","Question: 16, Rating: 4"
303,survey,email,"User with email '' not found.","Question: 12, Rating: 5"
304,survey,email,"User with email '' not found.","Question: 8, Rating: 5"
305,survey,email,"User with email '' not found.","Question: 19, Rating: 2"
306,survey,email,"User with email '' not found.","Question: 19, Rating: 4"
307,survey,email,"User with email '' not found.","Question: 17, Rating: 1"
308,survey,email,"User with email '' not found.","Question: 15, Rating: 3"
309,survey,email,"User with email '' not found.","Question: 15, Rating: 3"
310,survey,email,"User with email '' not found.","Question: 7, Rating: 4"
311,survey,email,"User with email '' not found.","Question: 14, Rating: 2"
312,survey,email,"User with email '' not found.","Question: 8, Rating: 5"
313,survey,email,"User with email '' not found.","Question: 11, Rating: 3"
314,survey,email,"User with email '' not found.","Question: 3, Rating: 2"
315,survey,email,"User with email '' not found.","Question: 1, Rating: 5"
316,survey,email,"User with email '' not found.","Question: 7, Rating: 4"
317,survey,email,"User with email '' not found.","Question: 9, Rating: 4"
318,survey,email,"User with email '' not found.","Question: 9, Rating: 1"
319,survey,email,"User with email '' not found.","Question: 4, Rating: 4"
320,survey,email,"User with email '' not found.","Question: 14, Rating: 4"
321,survey,email,"User with email '' not found.","Question: 11, Rating: 1"
322,survey,email,"User with email '' not found.","Question: 14, Rating: 1"
323,survey,email,"User with email '' not found.","Question: 8, Rating: 5"
324,survey,email,"User with email '' not found.","Question: 10, Rating: 2"
325,survey,email,"User with email '' not found.","Question: 10, Rating: 3"
326,survey,email,"User with email '' not found.","Question: 10, Rating: 4"
327,survey,email,"User with email '' not found.","Question: 5, Rating: 3"
328,survey,email,"User with email '' not found.","Question: 13, Rating: 1"
329,survey,email,"User with email '' not found.","Question: 4, Rating: 5"
330,survey,email,"User with email '' not found.","Question: 17, Rating: 3"
331,survey,email,"User with email '' not found.","Question: 9, Rating: 3"
332,survey,email,"User with email '' not found.","Question: 10, Rating: 4"
333,survey,email,"User with email '' not found.","Question: 19, Rating: 4"
334,survey,email,"User with email '' not found.","Question: 14, Rating: 5"
335,survey,email,"User with email '' not found.","Question: 15, Rating: 3"
336,survey,email,"User with email '' not found.","Question: 15, Rating: 5"
337,survey,email,"User with email '' not found.","Question: 4, Rating: 4"
338,survey,email,"User with email '' not found.","Question: 4, Rating: 4"
339,survey,email,"User with email '' not found.","Question: 15, Rating: 4"
340,survey,email,"User with email '' not found.","Question: 18, Rating: 4"
341,survey,email,"User with email '' not found.","Question: 2, Rating: 1"
342,survey,email,"User with email '' not found.","Question: 12, Rating: 3"
343,survey,email,"User with email '' not found.","Question: 7, Rating: 5"
344,survey,email,"User with email '' not found.","Question: 6, Rating: 2"
345,survey,email,"User with email '' not found.","Question: 3, Rating: 5"
346,survey,email,"User with email '' not found.","Question: 19, Rating: 4"
347,survey,email,"User with email '' not found.","Question: 13, Rating: 5"
348,survey,email,"User with email '' not found.","Question: 8, Rating: 4"
349,survey,email,"User with email '' not found.","Question: 6, Rating: 4"
350,survey,email,"User with email '' not found.","Question: 19, Rating: 5"
351,survey,email,"User with email '' not found.","Question: 2, Rating: 2"
352,survey,email,"User with email '' not found.","Question: 7, Rating: 4"
353,survey,email,"User with email '' not found.","Question: 17, Rating: 3"
354,survey,email,"User with email '' not found.","Question: 14, Rating: 4"
355,survey,email,"User with email '' not found.","Question: 5, Rating: 3"
356,survey,email,"User with email '' not found.","Question: 9, Rating: 3"
357,survey,email,"User with email '' not found.","Question: 18, Rating: 5"
358,survey,email,"User with email '' not found.","Question: 1, Rating: 4"
359,survey,email,"User with email '' not found.","Question: 6, Rating: 4"
360,survey,email,"User with email '' not found.","Question: 16, Rating: 4"
361,survey,email,"User with email '' not found.","Question: 7, Rating: 2"
362,survey,email,"User with email '' not found.","Question: 14, Rating: 1"
363,survey,email,"User with email '' not found.","Question: 7, Rating: 4"
364,survey,email,"User with email '' not found.","Question: 15, Rating: 2"
365,survey,email,"User with email '' not found.","Question: 15, Rating: 4"
366,survey,email,"User with email '' not found.","Question: 4, Rating: 3"
367,survey,email,"User with email '' not found.","Question: 15, Rating: 3"
368,survey,email,"User with email '' not found.","Question: 7, Rating: 4"
369,survey,email,"User with email '' not found.","Question: 7, Rating: 5"
370,survey,email,"User with email '' not found.","Question: 18, Rating: 4"
371,survey,email,"User with email '' not found.","Question: 17, Rating: 3"
372,survey,email,"User with email '' not found.","Question: 5, Rating: 2"
373,survey,email,"User with email '' not found.","Question: 11, Rating: 5"
374,survey,email,"User with email '' not found.","Question: 13, Rating: 4"
375,survey,email,"User with email '' not found.","Question: 4, Rating: 3"
376,survey,email,"User with email '' not found.","Question: 8, Rating: 3"
377,survey,email,"User with email '' not found.","Question: 15, Rating: 5"
378,survey,email,"User with email '' not found.","Question: 17, Rating: 3"
379,survey,email,"User with email '' not found.","Question: 14, Rating: 4"
380,survey,email,"User with email '' not found.","Question: 1, Rating: 1"
381,survey,email,"User with email '' not found.","Question: 12, Rating: 5"
382,survey,email,"User with email '' not found.","Question: 9, Rating: 2"
383,survey,email,"User with email '' not found.","Question: 11, Rating: 3"
384,survey,email,"User with email '' not found.","Question: 2, Rating: 5"
385,survey,email,"User with email '' not found.","Question: 18, Rating: 4"
386,survey,email,"User with email '' not found.","Question: 4, Rating: 4"
387,survey,email,"User with email '' not found.","Question: 13, Rating: 5"
388,survey,email,"User with email '' not found.","Question: 19, Rating: 4"
389,survey,email,"User with email '' not found.","Question: 13, Rating: 5"
390,survey,email,"User with email '' not found.","Question: 18, Rating: 3"
391,survey,email,"User with email '' not found.","Question: 3, Rating: 4"
392,survey,email,"User with email '' not found.","Question: 8, Rating: 5"
393,survey,email,"User with email '' not found.","Question: 12, Rating: 5"
394,survey,email,"User with email '' not found.","Question: 10, Rating: 2"
395,survey,email,"User with email '' not found.","Question: 4, Rating: 5"
396,survey,email,"User with email '' not found.","Question: 18, Rating: 3"
397,survey,email,"User with email '' not found.","Question: 7, Rating: 5"
398,survey,email,"User with email '' not found.","Question: 13, Rating: 3"
399,survey,email,"User with email '' not found.","Question: 2, Rating: 2"
400,survey,email,"User with email '' not found.","Question: 2, Rating: 4"
401,survey,email,"User with email '' not found.","Question: 2, Rating: 4"
402,survey,email,"User with email '' not found.","Question: 3, Rating: 1"
403,survey,email,"User with email '' not found.","Question: 20, Rating: 4"
404,survey,email,"User with email '' not found.","Question: 11, Rating: 4"
405,survey,email,"User with email '' not found.","Question: 15, Rating: 2"
406,survey,email,"User with email '' not found.","Question: 20, Rating: 2"
407,survey,email,"User with email '' not found.","Question: 10, Rating: 3"
408,survey,email,"User with email '' not found.","Question: 7, Rating: 5"
409,survey,email,"User with email '' not found.","Question: 6, Rating: 2"
410,survey,email,"User with email '' not found.","Question: 6, Rating: 3"
411,survey,email,"User with email '' not found.","Question: 19, Rating: 5"
412,survey,email,"User with email '' not found.","Question: 3, Rating: 3"
413,survey,email,"User with email '' not found.","Question: 11, Rating: 4"
414,survey,email,"User with email '' not found.","Question: 13, Rating: 5"
415,survey,email,"User with email '' not found.","Question: 4, Rating: 5"
416,survey,email,"User with email '' not found.","Question: 11, Rating: 5"
417,survey,email,"User with email '' not found.","Question: 6, Rating: 4"
418,survey,email,"User with email '' not found.","Question: 12, Rating: 5"
419,survey,email,"User with email '' not found.","Question: 16, Rating: 2"
420,survey,email,"User with email '' not found.","Question: 1, Rating: 4"
421,survey,email,"User with email '' not found.","Question: 13, Rating: 5"
422,survey,email,"User with email '' not found.","Question: 1, Rating: 2"
423,survey,email,"User with email '' not found.","Question: 6, Rating: 2"
424,survey,email,"User with email '' not found.","Question: 12, Rating: 2"
425,survey,email,"User with email '' not found.","Question: 19, Rating: 5"
426,survey,email,"User with email '' not found.","Question: 19, Rating: 4"
427,survey,email,"User with email '' not found.","Question: 11, Rating: 3"
428,survey,email,"User with email '' not found.","Question: 1, Rating: 3"
429,survey,email,"User with email '' not found.","Question: 6, Rating: 2"
430,survey,email,"User with email '' not found.","Question: 7, Rating: 4"
431,survey,email,"User with email '' not found.","Question: 13, Rating: 3"
432,survey,email,"User with email '' not found.","Question: 15, Rating: 5"
433,survey,email,"User with email '' not found.","Question: 2, Rating: 4"
434,survey,email,"User with email '' not found.","Question: 18, Rating: 3"
435,survey,email,"User with email '' not found.","Question: 5, Rating: 3"
436,survey,email,"User with email '' not found.","Question: 14, Rating: 5"
437,survey,email,"User with email '' not found.","Question: 17, Rating: 2"
438,survey,email,"User with email '' not found.","Question: 4, Rating: 4"
439,survey,email,"User with email '' not found.","Question: 16, Rating: 3"
440,survey,email,"User with email '' not found.","Question: 7, Rating: 1"
441,survey,email,"User with email '' not found.","Question: 1, Rating: 4"
442,survey,email,"User with email '' not found.","Question: 6, Rating: 5"
443,survey,email,"User with email '' not found.","Question: 19, Rating: 2"
444,survey,email,"User with email '' not found.","Question: 13, Rating: 5"
445,survey,email,"User with email '' not found.","Question: 12, Rating: 4"
446,survey,email,"User with email '' not found.","Question: 6, Rating: 3"
447,survey,email,"User with email '' not found.","Question: 15, Rating: 4"
448,survey,email,"User with email '' not found.","Question: 7, Rating: 5"
449,survey,email,"User with email '' not found.","Question: 5, Rating: 5"
450,survey,email,"User with email '' not found.","Question: 15, Rating: 1"
451,survey,email,"User with email '' not found.","Question: 14, Rating: 4"
452,survey,email,"User with email '' not found.","Question: 11, Rating: 4"
453,survey,email,"User with email '' not found.","Question: 15, Rating: 2"
454,survey,email,"User with email '' not found.","Question: 11, Rating: 4"
455,survey,email,"User with email '' not found.","Question: 15, Rating: 2"
456,survey,email,"User with email '' not found.","Question: 3, Rating: 5"
457,survey,email,"User with email '' not found.","Question: 17, Rating: 5"
458,survey,email,"User with email '' not found.","Question: 8, Rating: 5"
459,survey,email,"User with email '' not found.","Question: 14, Rating: 3"
460,survey,email,"User with email '' not found.","Question: 11, Rating: 5"
461,survey,email,"User with email '' not found.","Question: 9, Rating: 5"
462,survey,email,"User with email '' not found.","Question: 7, Rating: 5"
463,survey,email,"User with email '' not found.","Question: 12, Rating: 1"
464,survey,email,"User with email '' not found.","Question: 7, Rating: 5"
465,survey,email,"User with email '' not found.","Question: 12, Rating: 3"
466,survey,email,"User with email '' not found.","Question: 16, Rating: 1"
467,survey,email,"User with email '' not found.","Question: 17, Rating: 3"
468,survey,email,"User with email '' not found.","Question: 6, Rating: 4"
469,survey,email,"User with email '' not found.","Question: 2, Rating: 1"
470,survey,email,"User with email '' not found.","Question: 9, Rating: 5"
471,survey,email,"User with email '' not found.","Question: 9, Rating: 5"
472,survey,email,"User with email '' not found.","Question: 2, Rating: 4"
473,survey,email,"User with email '' not found.","Question: 10, Rating: 4"
474,survey,email,"User with email '' not found.","Question: 11, Rating: 4"
475,survey,email,"User with email '' not found.","Question: 17, Rating: 4"
476,survey,email,"User with email '' not found.","Question: 4, Rating: 4"
477,survey,email,"User with email '' not found.","Question: 17, Rating: 3"
478,survey,email,"User with email '' not found.","Question: 14, Rating: 3"
479,survey,email,"User with email '' not found.","Question: 2, Rating: 4"
480,survey,email,"User with email '' not found.","Question: 2, Rating: 5"
481,survey,email,"User with email '' not found.","Question: 19, Rating: 5"
482,survey,email,"User with email '' not found.","Question: 6, Rating: 5"
483,survey,email,"User with email '' not found.","Question: 11, Rating: 5"
484,survey,email,"User with email '' not found.","Question: 15, Rating: 4"
485,survey,email,"User with email '' not found.","Question: 12, Rating: 5"
486,survey,email,"User with email '' not found.","Question: 14, Rating: 5"
487,survey,email,"User with email '' not found.","Question: 8, Rating: 4"
488,survey,email,"User with email '' not found.","Question: 11, Rating: 5"
489,survey,email,"User with email '' not found.","Question: 1, Rating: 4"
490,survey,email,"User with email '' not found.","Question: 7, Rating: 5"
491,survey,email,"User with email '' not found.","Question: 18, Rating: 5"
492,survey,email,"User with email '' not found.","Question: 13, Rating: 4"
493,survey,email,"User with email '' not found.","Question: 13, Rating: 4"
494,survey,email,"User with email '' not found.","Question: 6, Rating: 4"
495,survey,email,"User with email '' not found.","Question: 14, Rating: 5"
496,survey,email,"User with email '' not found.","Question: 7, Rating: 5"
497,survey,email,"User with email '' not found.","Question: 4, Rating: 2"
498,survey,email,"User with email '' not found.","Question: 15, Rating: 3"
499,survey,email,"User with email '' not found.","Question: 12, Rating: 3"
500,survey,email,"User with email '' not found.","Question: 8, Rating: 4"
501,survey,email,"User with email '' not found.","Question: 19, Rating: 2"
502,survey,email,"User with email '' not found.","Question: 8, Rating: 1"
503,survey,email,"User with email '' not found.","Question: 5, Rating: 4"
504,survey,email,"User with email '' not found.","Question: 16, Rating: 4"
505,survey,email,"User with email '' not found.","Question: 3, Rating: 5"
506,survey,email,"User with email '' not found.","Question: 9, Rating: 4"
507,survey,email,"User with email '' not found.","Question: 13, Rating: 5"
508,survey,email,"User with email '' not found.","Question: 19, Rating: 4"
509,survey,email,"User with email '' not found.","Question: 19, Rating: 4"
510,survey,email,"User with email '' not found.","Question: 7, Rating: 3"
511,survey,email,"User with email '' not found.","Question: 20, Rating: 5"
512,survey,email,"User with email '' not found.","Question: 20, Rating: 4"
513,survey,email,"User with email '' not found.","Question: 2, Rating: 2"
514,survey,email,"User with email '' not found.","Question: 6, Rating: 3"
515,survey,email,"User with email '' not found.","Question: 11, Rating: 2"
516,survey,email,"User with email '' not found.","Question: 1, Rating: 2"
517,survey,email,"User with email '' not found.","Question: 14, Rating: 5"
518,survey,email,"User with email '' not found.","Question: 19, Rating: 4"
519,survey,email,"User with email '' not found.","Question: 17, Rating: 4"
520,survey,email,"User with email '' not found.","Question: 12, Rating: 5"
521,survey,email,"User with email '' not found.","Question: 2, Rating: 3"
522,survey,email,"User with email '' not found.","Question: 5, Rating: 4"
523,survey,email,"User with email '' not found.","Question: 14, Rating: 5"
524,survey,email,"User with email '' not found.","Question: 7, Rating: 3"
525,survey,email,"User with email '' not found.","Question: 9, Rating: 2"
526,survey,email,"User with email '' not found.","Question: 14, Rating: 4"
527,survey,email,"User with email '' not found.","Question: 4, Rating: 4"
528,survey,email,"User with email '' not found.","Question: 5, Rating: 3"
529,survey,email,"User with email '' not found.","Question: 5, Rating: 5"
530,survey,email,"User with email '' not found.","Question: 14, Rating: 4"
531,survey,email,"User with email '' not found.","Question: 16, Rating: 3"
532,survey,email,"User with email '' not found.","Question: 5, Rating: 4"
533,survey,email,"User with email '' not found.","Question: 15, Rating: 1"
534,survey,email,"User with email '' not found.","Question: 4, Rating: 3"
535,survey,email,"User with email '' not found.","Question: 4, Rating: 2"
536,survey,email,"User with email '' not found.","Question: 6, Rating: 5"
537,survey,email,"User with email '' not found.","Question: 8, Rating: 1"
538,survey,email,"User with email '' not found.","Question: 2, Rating: 3"
539,survey,email,"User with email '' not found.","Question: 2, Rating: 5"
540,survey,email,"User with email '' not found.","Question: 9, Rating: 4"
541,survey,email,"User with email '' not found.","Question: 7, Rating: 1"
542,survey,email,"User with email '' not found.","Question: 7, Rating: 4"
543,survey,email,"User with email '' not found.","Question: 4, Rating: 3"
544,survey,email,"User with email '' not found.","Question: 1, Rating: 5"
545,survey,email,"User with email '' not found.","Question: 8, Rating: 5"
546,survey,email,"User with email '' not found.","Question: 1, Rating: 5"
547,survey,email,"User with email '' not found.","Question: 20, Rating: 3"
548,survey,email,"User with email '' not found.","Question: 3, Rating: 2"
549,survey,email,"User with email '' not found.","Question: 6, Rating: 4"
550,survey,email,"User with email '' not found.","Question: 13, Rating: 5"
551,survey,email,"User with email '' not found.","Question: 18, Rating: 5"
552,survey,email,"User with email '' not found.","Question: 2, Rating: 2"
553,survey,email,"User with email '' not found.","Question: 10, Rating: 5"
554,survey,email,"User with email '' not found.","Question: 18, Rating: 4"
555,survey,email,"User with email '' not found.","Question: 11, Rating: 4"
556,survey,email,"User with email '' not found.","Question: 19, Rating: 1"
557,survey,email,"User with email '' not found.","Question: 12, Rating: 4"
558,survey,email,"User with email '' not found.","Question: 13, Rating: 3"
559,survey,email,"User with email '' not found.","Question: 6, Rating: 3"
560,survey,email,"User with email '' not found.","Question: 18, Rating: 3"
561,survey,email,"User with email '' not found.","Question: 18, Rating: 5"
562,survey,email,"User with email '' not found.","Question: 18, Rating: 1"
563,survey,email,"User with email '' not found.","Question: 18, Rating: 4"
564,survey,email,"User with email '' not found.","Question: 5, Rating: 4"
565,survey,email,"User with email '' not found.","Question: 20, Rating: 5"
566,survey,email,"User with email '' not found.","Question: 8, Rating: 4"
567,survey,email,"User with email '' not found.","Question: 20, Rating: 5"
568,survey,email,"User with email '' not found.","Question: 4, Rating: 2"
569,survey,email,"User with email '' not found.","Question: 18, Rating: 3"
570,survey,email,"User with email '' not found.","Question: 17, Rating: 4"
571,survey,email,"User with email '' not found.","Question: 6, Rating: 4"
572,survey,email,"User with email '' not found.","Question: 1, Rating: 3"
573,survey,email,"User with email '' not found.","Question: 6, Rating: 2"
574,survey,email,"User with email '' not found.","Question: 3, Rating: 5"
575,survey,email,"User with email '' not found.","Question: 1, Rating: 3"
576,survey,email,"User with email '' not found.","Question: 1, Rating: 4"
577,survey,email,"User with email '' not found.","Question: 10, Rating: 5"
578,survey,email,"User with email '' not found.","Question: 11, Rating: 4"
579,survey,email,"User with email '' not found.","Question: 18, Rating: 4"
580,survey,email,"User with email '' not found.","Question: 5, Rating: 5"
581,survey,email,"User with email '' not found.","Question: 7, Rating: 3"
582,survey,email,"User with email '' not found.","Question: 8, Rating: 5"
583,survey,email,"User with email '' not found.","Question: 11, Rating: 2"
584,survey,email,"User with email '' not found.","Question: 16, Rating: 4"
585,survey,email,"User with email '' not found.","Question: 19, Rating: 4"
586,survey,email,"User with email '' not found.","Question: 2, Rating: 3"
587,survey,email,"User with email '' not found.","Question: 15, Rating: 2"
588,survey,email,"User with email '' not found.","Question: 8, Rating: 4"
589,survey,email,"User with email '' not found.","Question: 20, Rating: 4"
590,survey,email,"User with email '' not found.","Question: 15, Rating: 5"
591,survey,email,"User with email '' not found.","Question: 12, Rating: 4"
592,survey,email,"User with email '' not found.","Question: 20, Rating: 1"
593,survey,email,"User with email '' not found.","Question: 20, Rating: 5"
594,survey,email,"User with email '' not found.","Question: 2, Rating: 3"
595,survey,email,"User with email '' not found.","Question: 9, Rating: 4"
596,survey,email,"User with email '' not found.","Question: 19, Rating: 4"
597,survey,email,"User with email '' not found.","Question: 16, Rating: 5"
598,survey,email,"User with email '' not found.","Question: 3, Rating: 5"
599,survey,email,"User with email '' not found.","Question: 18, Rating: 5"
600,survey,email,"User with email '' not found.","Question: 12, Rating: 5"
601,survey,email,"User with email '' not found.","Question: 14, Rating: 1"
602,survey,email,"User with email '' not found.","Question: 18, Rating: 4"
603,survey,email,"User with email '' not found.","Question: 9, Rating: 4"
604,survey,email,"User with email '' not found.","Question: 1, Rating: 5"
605,survey,email,"User with email '' not found.","Question: 12, Rating: 5"
606,survey,email,"User with email '' not found.","Question: 9, Rating: 2"
607,survey,email,"User with email '' not found.","Question: 6, Rating: 4"
608,survey,email,"User with email '' not found.","Question: 20, Rating: 5"
609,survey,email,"User with email '' not found.","Question: 2, Rating: 3"
610,survey,email,"User with email '' not found.","Question: 15, Rating: 4"
611,survey,email,"User with email '' not found.","Question: 6, Rating: 5"
612,survey,email,"User with email '' not found.","Question: 5, Rating: 4"
613,survey,email,"User with email '' not found.","Question: 6, Rating: 5"
614,survey,email,"User with email '' not found.","Question: 19, Rating: 2"
615,survey,email,"User with email '' not found.","Question: 7, Rating: 5"
616,survey,email,"User with email '' not found.","Question: 4, Rating: 5"
617,survey,email,"User with email '' not found.","Question: 17, Rating: 3"
618,survey,email,"User with email '' not found.","Question: 18, Rating: 2"
619,survey,email,"User with email '' not found.","Question: 5, Rating: 5"
620,survey,email,"User with email '' not found.","Question: 14, Rating: 2"
621,survey,email,"User with email '' not found.","Question: 1, Rating: 3"
622,survey,email,"User with email '' not found.","Question: 12, Rating: 4"
623,survey,email,"User with email '' not found.","Question: 6, Rating: 5"
624,survey,email,"User with email '' not found.","Question: 10, Rating: 4"
625,survey,email,"User with email '' not found.","Question: 3, Rating: 2"
626,survey,email,"User with email '' not found.","Question: 2, Rating: 4"
627,survey,email,"User with email '' not found.","Question: 7, Rating: 5"
628,survey,email,"User with email '' not found.","Question: 8, Rating: 4"
629,survey,email,"User with email '' not found.","Question: 18, Rating: 2"
630,survey,email,"User with email '' not found.","Question: 6, Rating: 4"
631,survey,email,"User with email '' not found.","Question: 1, Rating: 4"
632,survey,email,"User with email '' not found.","Question: 10, Rating: 4"
633,survey,email,"User with email '' not found.","Question: 3, Rating: 4"
634,survey,email,"User with email '' not found.","Question: 14, Rating: 5"
635,survey,email,"User with email '' not found.","Question: 4, Rating: 5"
636,survey,email,"User with email '' not found.","Question: 8, Rating: 3"
637,survey,email,"User with email '' not found.","Question: 12, Rating: 4"
638,survey,email,"User with email '' not found.","Question: 1, Rating: 5"
639,survey,email,"User with email '' not found.","Question: 4, Rating: 4"
640,survey,email,"User with email '' not found.","Question: 4, Rating: 5"
641,survey,email,"User with email '' not found.","Question: 19, Rating: 5"
642,survey,email,"User with email '' not found.","Question: 12, Rating: 4"
643,survey,email,"User with email '' not found.","Question: 10, Rating: 4"
644,survey,email,"User with email '' not found.","Question: 19, Rating: 5"
645,survey,email,"User with email '' not found.","Question: 5, Rating: 5"
646,survey,email,"User with email '' not found.","Question: 8, Rating: 3"
647,survey,email,"User with email '' not found.","Question: 9, Rating: 4"
648,survey,email,"User with email '' not found.","Question: 20, Rating: 4"
649,survey,email,"User with email '' not found.","Question: 1, Rating: 4"
650,survey,email,"User with email '' not found.","Question: 16, Rating: 5"
651,survey,email,"User with email '' not found.","Question: 9, Rating: 3"
652,survey,email,"User with email '' not found.","Question: 9, Rating: 4"
653,survey,email,"User with email '' not found.","Question: 20, Rating: 5"
654,survey,email,"User with email '' not found.","Question: 14, Rating: 4"
655,survey,email,"User with email '' not found.","Question: 18, Rating: 5"
656,survey,email,"User with email '' not found.","Question: 14, Rating: 2"
657,survey,email,"User with email '' not found.","Question: 2, Rating: 1"
658,survey,email,"User with email '' not found.","Question: 19, Rating: 5"
659,survey,email,"User with email '' not found.","Question: 19, Rating: 2"
660,survey,email,"User with email '' not found.","Question: 19, Rating: 4"
661,survey,email,"User with email '' not found.","Question: 17, Rating: 5"
662,survey,email,"User with email '' not found.","Question: 11, Rating: 4"
663,survey,email,"User with email '' not found.","Question: 17, Rating: 2"
664,survey,email,"User with email '' not found.","Question: 7, Rating: 5"
665,survey,email,"User with email '' not found.","Question: 10, Rating: 1"
666,survey,email,"User with email '' not found.","Question: 8, Rating: 3"
667,survey,email,"User with email '' not found.","Question: 6, Rating: 5"
668,survey,email,"User with email '' not found.","Question: 1, Rating: 5"
669,survey,email,"User with email '' not found.","Question: 20, Rating: 4"
670,survey,email,"User with email '' not found.","Question: 16, Rating: 3"
671,survey,email,"User with email '' not found.","Question: 15, Rating: 5"
672,survey,email,"User with email '' not found.","Question: 11, Rating: 5"
673,survey,email,"User with email '' not found.","Question: 20, Rating: 3"
674,survey,email,"User with email '' not found.","Question: 12, Rating: 3"
675,survey,email,"User with email '' not found.","Question: 13, Rating: 5"
676,survey,email,"User with email '' not found.","Question: 12, Rating: 3"
677,survey,email,"User with email '' not found.","Question: 19, Rating: 1"
678,survey,email,"User with email '' not found.","Question: 1, Rating: 5"
679,survey,email,"User with email '' not found.","Question: 3, Rating: 3"
680,survey,email,"User with email '' not found.","Question: 6, Rating: 2"
681,survey,email,"User with email '' not found.","Question: 2, Rating: 4"
682,survey,email,"User with email '' not found.","Question: 12, Rating: 4"
683,survey,email,"User with email '' not found.","Question: 5, Rating: 3"
684,survey,email,"User with email '' not found.","Question: 6, Rating: 3"
685,survey,email,"User with email '' not found.","Question: 10, Rating: 5"
686,survey,email,"User with email '' not found.","Question: 8, Rating: 2"
687,survey,email,"User with email '' not found.","Question: 19, Rating: 3"
688,survey,email,"User with email '' not found.","Question: 9, Rating: 4"
689,survey,email,"User with email '' not found.","Question: 6, Rating: 1"
690,survey,email,"User with email '' not found.","Question: 4, Rating: 5"
691,survey,email,"User with email '' not found.","Question: 13, Rating: 5"
692,survey,email,"User with email '' not found.","Question: 10, Rating: 4"
693,survey,email,"User with email '' not found.","Question: 12, Rating: 5"
694,survey,email,"User with email '' not found.","Question: 6, Rating: 4"
695,survey,email,"User with email '' not found.","Question: 8, Rating: 5"
696,survey,email,"User with email '' not found.","Question: 1, Rating: 3"
697,survey,email,"User with email '' not found.","Question: 13, Rating: 5"
698,survey,email,"User with email '' not found.","Question: 18, Rating: 4"
699,survey,email,"User with email '' not found.","Question: 19, Rating: 3"
700,survey,email,"User with email '' not found.","Question: 10, Rating: 4"
701,survey,email,"User with email '' not found.","Question: 12, Rating: 2"
702,survey,email,"User with email '' not found.","Question: 2, Rating: 5"
703,survey,email,"User with email '' not found.","Question: 18, Rating: 3"
704,survey,email,"User with email '' not found.","Question: 19, Rating: 5"
705,survey,email,"User with email '' not found.","Question: 19, Rating: 3"
706,survey,email,"User with email '' not found.","Question: 3, Rating: 4"
707,survey,email,"User with email '' not found.","Question: 11, Rating: 3"
708,survey,email,"User with email '' not found.","Question: 9, Rating: 4"
709,survey,email,"User with email '' not found.","Question: 9, Rating: 1"
710,survey,email,"User with email '' not found.","Question: 14, Rating: 3"
711,survey,email,"User with email '' not found.","Question: 10, Rating: 5"
712,survey,email,"User with email '' not found.","Question: 1, Rating: 5"
713,survey,email,"User with email '' not found.","Question: 3, Rating: 4"
714,survey,email,"User with email '' not found.","Question: 10, Rating: 4"
715,survey,email,"User with email '' not found.","Question: 11, Rating: 4"
716,survey,email,"User with email '' not found.","Question: 5, Rating: 5"
717,survey,email,"User with email '' not found.","Question: 3, Rating: 2"
718,survey,email,"User with email '' not found.","Question: 13, Rating: 4"
719,survey,email,"User with email '' not found.","Question: 12, Rating: 3"
720,survey,email,"User with email '' not found.","Question: 14, Rating: 3"
721,survey,email,"User with email '' not found.","Question: 7, Rating: 2"
722,survey,email,"User with email '' not found.","Question: 19, Rating: 3"
723,survey,email,"User with email '' not found.","Question: 19, Rating: 4"
724,survey,email,"User with email '' not found.","Question: 16, Rating: 5"
725,survey,email,"User with email '' not found.","Question: 8, Rating: 3"
726,survey,email,"User with email '' not found.","Question: 6, Rating: 4"
727,survey,email,"User with email '' not found.","Question: 10, Rating: 4"
728,survey,email,"User with email '' not found.","Question: 18, Rating: 5"
729,survey,email,"User with email '' not found.","Question: 3, Rating: 3"
730,survey,email,"User with email '' not found.","Question: 14, Rating: 3"
731,survey,email,"User with email '' not found.","Question: 7, Rating: 4"
732,survey,email,"User with email '' not found.","Question: 9, Rating: 4"
733,survey,email,"User with email '' not found.","Question: 15, Rating: 2"
734,survey,email,"User with email '' not found.","Question: 18, Rating: 4"
735,survey,email,"User with email '' not found.","Question: 11, Rating: 5"
736,survey,email,"User with email '' not found.","Question: 7, Rating: 4"
737,survey,email,"User with email '' not found.","Question: 1, Rating: 3"
738,survey,email,"User with email '' not found.","Question: 5, Rating: 5"
739,survey,email,"User with email '' not found.","Question: 10, Rating: 3"
740,survey,email,"User with email '' not found.","Question: 14, Rating: 1"
741,survey,email,"User with email '' not found.","Question: 4, Rating: 5"
742,survey,email,"User with email '' not found.","Question: 6, Rating: 5"
743,survey,email,"User with email '' not found.","Question: 7, Rating: 3"
744,survey,email,"User with email '' not found.","Question: 2, Rating: 4"
745,survey,email,"User with email '' not found.","Question: 12, Rating: 4"
746,survey,email,"User with email '' not found.","Question: 1, Rating: 4"
747,survey,email,"User with email '' not found.","Question: 14, Rating: 3"
748,survey,email,"User with email '' not found.","Question: 17, Rating: 5"
749,survey,email,"User with email '' not found.","Question: 20, Rating: 4"
750,survey,email,"User with email '' not found.","Question: 17, Rating: 5"
751,survey,email,"User with email '' not found.","Question: 5, Rating: 5"
752,survey,email,"User with email '' not found.","Question: 17, Rating: 3"
753,survey,email,"User with email '' not found.","Question: 18, Rating: 5"
754,survey,email,"User with email '' not found.","Question: 12, Rating: 5"
755,survey,email,"User with email '' not found.","Question: 6, Rating: 4"
756,survey,email,"User with email '' not found.","Question: 7, Rating: 3"
757,survey,email,"User with email '' not found.","Question: 2, Rating: 2"
758,survey,email,"User with email '' not found.","Question: 19, Rating: 5"
759,survey,email,"User with email '' not found.","Question: 14, Rating: 5"
760,survey,email,"User with email '' not found.","Question: 1, Rating: 5"
761,survey,email,"User with email '' not found.","Question: 15, Rating: 3"
762,survey,email,"User with email '' not found.","Question: 11, Rating: 3"
763,survey,email,"User with email '' not found.","Question: 9, Rating: 4"
764,survey,email,"User with email '' not found.","Question: 8, Rating: 4"
765,survey,email,"User with email '' not found.","Question: 6, Rating: 4"
766,survey,email,"User with email '' not found.","Question: 5, Rating: 3"
767,survey,email,"User with email '' not found.","Question: 5, Rating: 2"
768,survey,email,"User with email '' not found.","Question: 14, Rating: 4"
769,survey,email,"User with email '' not found.","Question: 7, Rating: 5"
770,survey,email,"User with email '' not found.","Question: 6, Rating: 3"
771,survey,email,"User with email '' not found.","Question: 14, Rating: 4"
772,survey,email,"User with email '' not found.","Question: 8, Rating: 4"
773,survey,email,"User with email '' not found.","Question: 13, Rating: 4"
774,survey,email,"User with email '' not found.","Question: 16, Rating: 4"
775,survey,email,"User with email '' not found.","Question: 12, Rating: 2"
776,survey,email,"User with email '' not found.","Question: 9, Rating: 1"
777,survey,email,"User with email '' not found.","Question: 16, Rating: 5"
778,survey,email,"User with email '' not found.","Question: 7, Rating: 4"
779,survey,email,"User with email '' not found.","Question: 4, Rating: 3"
780,survey,email,"User with email '' not found.","Question: 7, Rating: 4"
781,survey,email,"User with email '' not found.","Question: 5, Rating: 3"
782,survey,email,"User with email '' not found.","Question: 3, Rating: 5"
783,survey,email,"User with email '' not found.","Question: 14, Rating: 5"
784,survey,email,"User with email '' not found.","Question: 9, Rating: 5"
785,survey,email,"User with email '' not found.","Question: 3, Rating: 4"
786,survey,email,"User with email '' not found.","Question: 4, Rating: 4"
787,survey,email,"User with email '' not found.","Question: 18, Rating: 3"
788,survey,email,"User with email '' not found.","Question: 8, Rating: 1"
789,survey,email,"User with email '' not found.","Question: 1, Rating: 4"
790,survey,email,"User with email '' not found.","Question: 16, Rating: 4"
791,survey,email,"User with email '' not found.","Question: 1, Rating: 4"
792,survey,email,"User with email '' not found.","Question: 13, Rating: 5"
793,survey,email,"User with email '' not found.","Question: 17, Rating: 2"
794,survey,email,"User with email '' not found.","Question: 7, Rating: 4"
795,survey,email,"User with email '' not found.","Question: 6, Rating: 5"
796,survey,email,"User with email '' not found.","Question: 11, Rating: 2"
797,survey,email,"User with email '' not found.","Question: 19, Rating: 2"
798,survey,email,"User with email '' not found.","Question: 1, Rating: 5"
799,survey,email,"User with email '' not found.","Question: 3, Rating: 4"
800,survey,email,"User with email '' not found.","Question: 16, Rating: 5"
801,survey,email,"User with email '' not found.","Question: 15, Rating: 3"
802,survey,email,"User with email '' not found.","Question: 13, Rating: 4"
803,survey,email,"User with email '' not found.","Question: 4, Rating: 1"
804,survey,email,"User with email '' not found.","Question: 20, Rating: 4"
805,survey,email,"User with email '' not found.","Question: 7, Rating: 5"
806,survey,email,"User with email '' not found.","Question: 14, Rating: 3"
807,survey,email,"User with email '' not found.","Question: 1, Rating: 4"
808,survey,email,"User with email '' not found.","Question: 16, Rating: 1"
809,survey,email,"User with email '' not found.","Question: 20, Rating: 5"
810,survey,email,"User with email '' not found.","Question: 7, Rating: 3"
811,survey,email,"User with email '' not found.","Question: 8, Rating: 2"
812,survey,email,"User with email '' not found.","Question: 17, Rating: 4"
813,survey,email,"User with email '' not found.","Question: 16, Rating: 4"
814,survey,email,"User with email '' not found.","Question: 2, Rating: 4"
815,survey,email,"User with email '' not found.","Question: 12, Rating: 3"
816,survey,email,"User with email '' not found.","Question: 16, Rating: 5"
817,survey,email,"User with email '' not found.","Question: 3, Rating: 4"
818,survey,email,"User with email '' not found.","Question: 3, Rating: 3"
819,survey,email,"User with email '' not found.","Question: 1, Rating: 4"
820,survey,email,"User with email '' not found.","Question: 17, Rating: 5"
821,survey,email,"User with email '' not found.","Question: 2, Rating: 2"
822,survey,email,"User with email '' not found.","Question: 13, Rating: 4"
823,survey,email,"User with email '' not found.","Question: 3, Rating: 5"
824,survey,email,"User with email '' not found.","Question: 12, Rating: 3"
825,survey,email,"User with email '' not found.","Question: 6, Rating: 3"
826,survey,email,"User with email '' not found.","Question: 9, Rating: 4"
827,survey,email,"User with email '' not found.","Question: 7, Rating: 4"
828,survey,email,"User with email '' not found.","Question: 13, Rating: 3"
829,survey,email,"User with email '' not found.","Question: 6, Rating: 4"
830,survey,email,"User with email '' not found.","Question: 10, Rating: 4"
831,survey,email,"User with email '' not found.","Question: 10, Rating: 5"
832,survey,email,"User with email '' not found.","Question: 7, Rating: 5"
833,survey,email,"User with email '' not found.","Question: 1, Rating: 4"
834,survey,email,"User with email '' not found.","Question: 2, Rating: 3"
835,survey,email,"User with email '' not found.","Question: 9, Rating: 5"
836,survey,email,"User with email '' not found.","Question: 9, Rating: 3"
837,survey,email,"User with email '' not found.","Question: 17, Rating: 3"
838,survey,email,"User with email '' not found.","Question: 11, Rating: 5"
839,survey,email,"User with email '' not found.","Question: 9, Rating: 3"
840,survey,email,"User with email '' not found.","Question: 19, Rating: 5"
841,survey,email,"User with email '' not found.","Question: 13, Rating: 5"
842,survey,email,"User with email '' not found.","Question: 1, Rating: 5"
843,survey,email,"User with email '' not found.","Question: 17, Rating: 1"
844,survey,email,"User with email '' not found.","Question: 19, Rating: 4"
845,survey,email,"User with email '' not found.","Question: 10, Rating: 3"
846,survey,email,"User with email '' not found.","Question: 20, Rating: 4"
847,survey,email,"User with email '' not found.","Question: 8, Rating: 2"
848,survey,email,"User with email '' not found.","Question: 17, Rating: 4"
849,survey,email,"User with email '' not found.","Question: 16, Rating: 5"
850,survey,email,"User with email '' not found.","Question: 3, Rating: 4"
851,survey,email,"User with email '' not found.","Question: 4, Rating: 3"
852,survey,email,"User with email '' not found.","Question: 16, Rating: 4"
853,survey,email,"User with email '' not found.","Question: 12, Rating: 4"
854,survey,email,"User with email '' not found.","Question: 17, Rating: 2"
855,survey,email,"User with email '' not found.","Question: 13, Rating: 5"
856,survey,email,"User with email '' not found.","Question: 12, Rating: 3"
857,survey,email,"User with email '' not found.","Question: 11, Rating: 5"
858,survey,email,"User with email '' not found.","Question: 7, Rating: 1"
859,survey,email,"User with email '' not found.","Question: 2, Rating: 4"
860,survey,email,"User with email '' not found.","Question: 15, Rating: 4"
861,survey,email,"User with email '' not found.","Question: 20, Rating: 5"
862,survey,email,"User with email '' not found.","Question: 17, Rating: 3"
863,survey,email,"User with email '' not found.","Question: 4, Rating: 3"
864,survey,email,"User with email '' not found.","Question: 4, Rating: 4"
865,survey,email,"User with email '' not found.","Question: 20, Rating: 5"
866,survey,email,"User with email '' not found.","Question: 14, Rating: 5"
867,survey,email,"User with email '' not found.","Question: 13, Rating: 3"
868,survey,email,"User with email '' not found.","Question: 8, Rating: 5"
869,survey,email,"User with email '' not found.","Question: 2, Rating: 4"
870,survey,email,"User with email '' not found.","Question: 3, Rating: 1"
871,survey,email,"User with email '' not found.","Question: 8, Rating: 3"
872,survey,email,"User with email '' not found.","Question: 2, Rating: 5"
873,survey,email,"User with email '' not found.","Question: 18, Rating: 5"
874,survey,email,"User with email '' not found.","Question: 4, Rating: 5"
875,survey,email,"User with email '' not found.","Question: 2, Rating: 5"
876,survey,email,"User with email '' not found.","Question: 20, Rating: 5"
877,survey,email,"User with email '' not found.","Question: 15, Rating: 4"
878,survey,email,"User with email '' not found.","Question: 17, Rating: 4"
879,survey,email,"User with email '' not found.","Question: 4, Rating: 5"
880,survey,email,"User with email '' not found.","Question: 10, Rating: 4"
881,survey,email,"User with email '' not found.","Question: 13, Rating: 5"
882,survey,email,"User with email '' not found.","Question: 12, Rating: 4"
883,survey,email,"User with email '' not found.","Question: 20, Rating: 4"
884,survey,email,"User with email '' not found.","Question: 2, Rating: 4"
885,survey,email,"User with email '' not found.","Question: 15, Rating: 3"
886,survey,email,"User with email '' not found.","Question: 7, Rating: 4"
887,survey,email,"User with email '' not found.","Question: 1, Rating: 5"
888,survey,email,"User with email '' not found.","Question: 17, Rating: 4"
889,survey,email,"User with email '' not found.","Question: 19, Rating: 5"
890,survey,email,"User with email '' not found.","Question: 16, Rating: 5"
891,survey,email,"User with email '' not found.","Question: 14, Rating: 3"
892,survey,email,"User with email '' not found.","Question: 13, Rating: 5"
893,survey,email,"User with email '' not found.","Question: 15, Rating: 3"
894,survey,email,"User with email '' not found.","Question: 13, Rating: 2"
895,survey,email,"User with email '' not found.","Question: 9, Rating: 5"
896,survey,email,"User with email '' not found.","Question: 3, Rating: 3"
897,survey,email,"User with email '' not found.","Question: 12, Rating: 5"
898,survey,email,"User with email '' not found.","Question: 9, Rating: 5"
899,survey,email,"User with email '' not found.","Question: 19, Rating: 4"
900,survey,email,"User with email '' not found.","Question: 8, Rating: 5"
901,survey,email,"User with email '' not found.","Question: 2, Rating: 3"
902,survey,email,"User with email '' not found.","Question: 11, Rating: 5"
903,survey,email,"User with email '' not found.","Question: 14, Rating: 5"
904,survey,email,"User with email '' not found.","Question: 20, Rating: 5"
905,survey,email,"User with email '' not found.","Question: 8, Rating: 3"
906,survey,email,"User with email '' not found.","Question: 2, Rating: 4"
907,survey,email,"User with email '' not found.","Question: 7, Rating: 3"
908,survey,email,"User with email '' not found.","Question: 4, Rating: 4"
909,survey,email,"User with email '' not found.","Question: 10, Rating: 3"
910,survey,email,"User with email '' not found.","Question: 12, Rating: 4"
911,survey,email,"User with email '' not found.","Question: 3, Rating: 3"
912,survey,email,"User with email '' not found.","Question: 2, Rating: 3"
913,survey,email,"User with email '' not found.","Question: 7, Rating: 4"
914,survey,email,"User with email '' not found.","Question: 2, Rating: 4"
915,survey,email,"User with email '' not found.","Question: 12, Rating: 5"
916,survey,email,"User with email '' not found.","Question: 11, Rating: 4"
917,survey,email,"User with email '' not found.","Question: 11, Rating: 5"
918,survey,email,"User with email '' not found.","Question: 11, Rating: 5"
919,survey,email,"User with email '' not found.","Question: 12, Rating: 4"
920,survey,email,"User with email '' not found.","Question: 9, Rating: 5"
921,survey,email,"User with email '' not found.","Question: 5, Rating: 5"
922,survey,email,"User with email '' not found.","Question: 1, Rating: 4"
923,survey,email,"User with email '' not found.","Question: 12, Rating: 3"
924,survey,email,"User with email '' not found.","Question: 15, Rating: 1"
925,survey,email,"User with email '' not found.","Question: 3, Rating: 2"
926,survey,email,"User with email '' not found.","Question: 3, Rating: 4"
927,survey,email,"User with email '' not found.","Question: 6, Rating: 5"
928,survey,email,"User with email '' not found.","Question: 12, Rating: 3"
929,survey,email,"User with email '' not found.","Question: 3, Rating: 5"
930,survey,email,"User with email '' not found.","Question: 10, Rating: 3"
931,survey,email,"User with email '' not found.","Question: 15, Rating: 3"
932,survey,email,"User with email '' not found.","Question: 15, Rating: 4"
933,survey,email,"User with email '' not found.","Question: 9, Rating: 2"
934,survey,email,"User with email '' not found.","Question: 6, Rating: 4"
935,survey,email,"User with email '' not found.","Question: 12, Rating: 4"
936,survey,email,"User with email '' not found.","Question: 4, Rating: 5"
937,survey,email,"User with email '' not found.","Question: 11, Rating: 3"
938,survey,email,"User with email '' not found.","Question: 9, Rating: 4"
939,survey,email,"User with email '' not found.","Question: 1, Rating: 4"
940,survey,email,"User with email '' not found.","Question: 4, Rating: 3"
941,survey,email,"User with email '' not found.","Question: 2, Rating: 5"
942,survey,email,"User with email '' not found.","Question: 8, Rating: 4"
943,survey,email,"User with email '' not found.","Question: 6, Rating: 2"
944,survey,email,"User with email '' not found.","Question: 12, Rating: 4"
945,survey,email,"User with email '' not found.","Question: 17, Rating: 5"
946,survey,email,"User with email '' not found.","Question: 12, Rating: 3"
947,survey,email,"User with email '' not found.","Question: 8, Rating: 5"
948,survey,email,"User with email '' not found.","Question: 20, Rating: 2"
949,survey,email,"User with email '' not found.","Question: 14, Rating: 2"
950,survey,email,"User with email '' not found.","Question: 15, Rating: 5"
951,survey,email,"User with email '' not found.","Question: 11, Rating: 4"
952,survey,email,"User with email '' not found.","Question: 7, Rating: 2"
953,survey,email,"User with email '' not found.","Question: 4, Rating: 5"
954,survey,email,"User with email '' not found.","Question: 6, Rating: 5"
955,survey,email,"User with email '' not found.","Question: 8, Rating: 2"
956,survey,email,"User with email '' not found.","Question: 14, Rating: 2"
957,survey,email,"User with email '' not found.","Question: 16, Rating: 1"
958,survey,email,"User with email '' not found.","Question: 8, Rating: 5"
959,survey,email,"User with email '' not found.","Question: 11, Rating: 4"
960,survey,email,"User with email '' not found.","Question: 1, Rating: 4"
961,survey,email,"User with email '' not found.","Question: 1, Rating: 3"
962,survey,email,"User with email '' not found.","Question: 7, Rating: 4"
963,survey,email,"User with email '' not found.","Question: 14, Rating: 5"
964,survey,email,"User with email '' not found.","Question: 1, Rating: 5"
965,survey,email,"User with email '' not found.","Question: 12, Rating: 4"
966,survey,email,"User with email '' not found.","Question: 20, Rating: 5"
967,survey,email,"User with email '' not found.","Question: 8, Rating: 2"
968,survey,email,"User with email '' not found.","Question: 2, Rating: 5"
969,survey,email,"User with email '' not found.","Question: 20, Rating: 1"
970,survey,email,"User with email '' not found.","Question: 20, Rating: 5"
971,survey,email,"User with email '' not found.","Question: 4, Rating: 4"
972,survey,email,"User with email '' not found.","Question: 19, Rating: 4"
973,survey,email,"User with email '' not found.","Question: 5, Rating: 4"
974,survey,email,"User with email '' not found.","Question: 3, Rating: 4"
975,survey,email,"User with email '' not found.","Question: 15, Rating: 3"
976,survey,email,"User with email '' not found.","Question: 5, Rating: 4"
977,survey,email,"User with email '' not found.","Question: 19, Rating: 4"
978,survey,email,"User with email '' not found.","Question: 10, Rating: 2"
979,survey,email,"User with email '' not found.","Question: 2, Rating: 4"
980,survey,email,"User with email '' not found.","Question: 5, Rating: 5"
981,survey,email,"User with email '' not found.","Question: 17, Rating: 4"
982,survey,email,"User with email '' not found.","Question: 7, Rating: 5"
983,survey,email,"User with email '' not found.","Question: 20, Rating: 5"
984,survey,email,"User with email '' not found.","Question: 18, Rating: 3"
985,survey,email,"User with email '' not found.","Question: 11, Rating: 5"
986,survey,email,"User with email '' not found.","Question: 4, Rating: 5"
987,survey,email,"User with email '' not found.","Question: 17, Rating: 3"
988,survey,email,"User with email '' not found.","Question: 20, Rating: 5"
989,survey,email,"User with email '' not found.","Question: 5, Rating: 5"
990,survey,email,"User with email '' not found.","Question: 6, Rating: 5"
991,survey,email,"User with email '' not found.","Question: 7, Rating: 5"
992,survey,email,"User with email '' not found.","Question: 4, Rating: 5"
993,survey,email,"User with email '' not found.","Question: 1, Rating: 4"
994,survey,email,"User with email '' not found.","Question: 20, Rating: 5"
995,survey,email,"User with email '' not found.","Question: 19, Rating: 5"
996,survey,email,"User with email '' not found.","Question: 15, Rating: 5"
997,survey,email,"User with email '' not found.","Question: 2, Rating: 3"
998,survey,email,"User with email '' not found.","Question: 4, Rating: 4"
999,survey,email,"User with email '' not found.","Question: 20, Rating: 4"
1000,survey,email,"User with email '' not found.","Question: 8, Rating: 2"
1001,survey,email,"User with email '' not found.","Question: 2, Rating: 4"
1002,survey,email,"User with email '' not found.","Question: 3, Rating: 4"
1003,survey,email,"User with email '' not found.","Question: 8, Rating: 5"
1004,survey,email,"User with email '' not found.","Question: 13, Rating: 2"
1005,survey,email,"User with email '' not found.","Question: 3, Rating: 3"
1006,survey,email,"User with email '' not found.","Question: 2, Rating: 3"
1007,survey,email,"User with email '' not found.","Question: 6, Rating: 5"
1008,survey,email,"User with email '' not found.","Question: 13, Rating: 4"
1009,survey,email,"User with email '' not found.","Question: 17, Rating: 3"
1010,survey,email,"User with email '' not found.","Question: 15, Rating: 3"
1011,survey,email,"User with email '' not found.","Question: 7, Rating: 5"
1012,survey,email,"User with email '' not found.","Question: 14, Rating: 3"
1013,survey,email,"User with email '' not found.","Question: 12, Rating: 2"
1014,survey,email,"User with email '' not found.","Question: 19, Rating: 4"
1015,survey,email,"User with email '' not found.","Question: 20, Rating: 4"
1016,survey,email,"User with email '' not found.","Question: 20, Rating: 4"
1017,survey,email,"User with email '' not found.","Question: 19, Rating: 4"
1018,survey,email,"User with email '' not found.","Question: 2, Rating: 5"
1019,survey,email,"User with email '' not found.","Question: 10, Rating: 4"
1020,survey,email,"User with email '' not found.","Question: 17, Rating: 2"
1021,survey,email,"User with email '' not found.","Question: 17, Rating: 5"
